classification,freq_group,daily_pnl
Extreme Fear,high,6799.753651285715
Extreme Fear,low,457.0202746363635
Extreme Greed,high,8437.437459058609
Extreme Greed,low,1627.4738511857709
Fear,high,10311.492504574324
Fear,low,913.0349110419162
Greed,high,5486.377106888158
Greed,low,1401.9495129563954
Neutral,high,5759.1621817234045
Neutral,low,1118.075454180851
